,,,,,,,,,,,,,,,,,,,"Id;""Designator"";""Footprint"";""Quantity"";""Designation"";""Supplier and ref"";",,,,,,,,,,,,,,,,,,,,,,,,,,,,,
,,,,,,,,,,,,,,,,,,,"1;""U18",U20,U19,"U21"";""9774050360R"";4;""~"";;;",,,,,,,,,,,,,,,,,,,,,,,,,,
,,,,,,,,,,,,,,,,,,,"2;""TP21",TP23,TP13,TP1,TP7,TP5,TP9,"TP3"";""TestPoint_THTPad_1.5x1.5mm_Drill0.7mm"";8;""GND"";;;",,,,,,,,,,,,,,,,,,,,,,
,,,,,,,,,,,,,,,,,,,"3;""U16","U5"";""OKX-T&slash_5-D12N-C_MUR"";2;""OKX-T/5-D12N-C"";;;",,,,,,,,,,,,,,,,,,,,,,,,,,,,
ID,Quantity,Footprint,Designation,Description,Datasheet,Product Link,Designator,,,,,,,,,,,,"4;""R68",R58,R14,R38,R12,R33,R36,R41,R44,R59,R40,R55,R2,R35,R11,R65,R69,R61,R67,R32,R79,R81,R43,R84,R110,R112,R85,R57,R113,"R56"";""R_0603_1608Metric"";30;""10k"";;;"
1,4,,9774050360R,5mm  M3 SMD Standoff,Datasheet,Digikey,U18,U20,U19,U21,,,,,,,,,"5;""R62",R98,R96,R80,R90,R99,R93,R92,R97,R63,R77,R91,R94,R95,R89,"R64"";""R_0603_1608Metric"";16;""10R"";;;",,,,,,,,,,,,,,
2,,,,,,,,,,,,,,,,,,,"6;""SW2","SW1"";""SW_MEC_5GSH9"";2;""SW_MEC_5G"";;;",,,,,,,,,,,,,,,,,,,,,,,,,,,,
3,2,,OKX-T/5-D12N-C,External buck regulator,Datasheet,Digikey,U16,U5,,,,,,,,,,,"7;""T1"";""RJ45_Wuerth_7499111446_Horizontal"";1;""7499111446"";;;",,,,,,,,,,,,,,,,,,,,,,,,,,,,,
4,30,R_0603_1608Metric,10k,10k resistor,,,,,,,,,,,,,,,"8;""R18",R20,R21,"R19"";""R_0603_1608Metric"";4;""5k"";;;",,,,,,,,,,,,,,,,,,,,,,,,,,
5,16,R_0603_1608Metric,10R,10 ohm resistor,,,,,,,,,,,,,,,"9;""C27",C18,C22,C4,C20,C12,C3,C15,C26,C14,C13,C8,C2,C10,C19,"C23"";""C_0603_1608Metric"";16;""10u"";;;",,,,,,,,,,,,,,
6,2,,SW_MEC_5GSH9,Mechanical Switch 5G,Datasheet,Digikey,SW1,SW2,,,,,,,,,,,"10;""R83","R109"";""R_0603_1608Metric"";2;""47k"";;;",,,,,,,,,,,,,,,,,,,,,,,,,,,,
7,1,,7499111446,Horizontal SMD RJ45 connector,Datasheet,Digikey,T1,,,,,,,,,,,,"11;""C7",C74,C77,C25,C98,C80,C9,C93,C97,C76,C81,C28,C11,C1,C16,"C6"";""C_0603_1608Metric"";16;""39p"";;;",,,,,,,,,,,,,,
8,4,R_0603_1608Metric,5k,5k Resistor,,,R18,R20,R21,R19,,,,,,,,,"12;""C122",C45,C67,C121,C120,C47,C65,C44,C71,C83,C53,C55,C84,C64,C86,C56,C85,C87,C88,C70,C54,"C62"";""C_0603_1608Metric"";22;""100n"";;;",,,,,,,,
9,16,C_0603_1608Metric,10u,10u Capacitor,,,,,,,,,,,,,,,"13;""TP33"";""TestPoint_THTPad_1.5x1.5mm_Drill0.7mm"";1;""PWRGD_PL_M2C"";;;",,,,,,,,,,,,,,,,,,,,,,,,,,,,,
10,2,R_0603_1608Metric,47k,47k Resistor,,,,,,,,,,,,,,,"14;""R72",R53,R15,R25,R51,R54,R46,R16,R49,R48,R9,R47,R52,R30,R17,"R50"";""R_0603_1608Metric"";16;""33.2R"";;;",,,,,,,,,,,,,,
11,16,C_0603_1608Metric,39p,39p Capacitor,,,,,,,,,,,,,,,"15;""R26",R28,R27,R23,R24,"R78"";""R_0603_1608Metric"";6;""22"";;;",,,,,,,,,,,,,,,,,,,,,,,,
12,22,C_0603_1608Metric,100n,100n Capacitor,,,,,,,,,,,,,,,"16;""C61",C46,C21,C63,C49,C48,C58,C17,C106,C51,C50,C118,"C155"";""C_0603_1608Metric"";13;""470n"";;;",,,,,,,,,,,,,,,,,
13,,,,,,,,,,,,,,,,,,,"17;""C94","C5"";""C_0603_1608Metric"";2;""10u/35V"";;;",,,,,,,,,,,,,,,,,,,,,,,,,,,,
14,16,R_0603_1608Metric,33.2R,33.2 ohm Resistor,,,,,,,,,,,,,,,"18;""J6","J3"";""104031-0811_MOL"";2;""1040310811"";;;",,,,,,,,,,,,,,,,,,,,,,,,,,,,
15,6,R_0603_1608Metric,22R,22 ohm Resistor,,,,,,,,,,,,,,,"19;""TP2"";""TestPoint_THTPad_1.5x1.5mm_Drill0.7mm"";1;""3V3_DUT"";;;",,,,,,,,,,,,,,,,,,,,,,,,,,,,,
16,13,C_0603_1608Metric,470n,470n Capacitor,,,,,,,,,,,,,,,"20;""TP28"";""TestPoint_THTPad_1.5x1.5mm_Drill0.7mm"";1;""DAC_READBIAS2_OUT"";;;",,,,,,,,,,,,,,,,,,,,,,,,,,,,,
17,2,C_0603_1608Metric,10u/35V,10u/35V Capacitor,,,,,,,,,,,,,,,"21;""J7"";""CONN_1766453"";1;""1766453"";;;",,,,,,,,,,,,,,,,,,,,,,,,,,,,,
18,2,,1040310811,Micro SD SMD slot,Datasheet,Digikey,J3,J6,,,,,,,,,,,"22;""C66",C52,C119,C68,C82,"C43"";""C_0603_1608Metric"";6;""4.7u"";;;",,,,,,,,,,,,,,,,,,,,,,,,
19,,,,,,,,,,,,,,,,,,,"23;""TP31"";""TestPoint_THTPad_1.5x1.5mm_Drill0.7mm"";1;""PWRGD_FPD_M2C"";;;",,,,,,,,,,,,,,,,,,,,,,,,,,,,,
20,,,,,,,,,,,,,,,,,,,"24;""R42"";""R_0603_1608Metric"";1;""6.8k"";;;",,,,,,,,,,,,,,,,,,,,,,,,,,,,,
21,1,,1766453,2 Pin power connection,Datasheet,Phoenix Contacts,J7,,,,,,,,,,,,"25;""C109",C111,C92,C115,C110,C99,C101,C105,C38,C90,C114,C29,C37,C75,C89,C36,C100,C112,C41,C102,C40,C113,C104,C24,C79,C91,C33,C34,"C31"";""C_0603_1608Metric"";29;""0.1u"";;;",
22,6,,C_0603_1608Metric,4.7u Capacitor,,,,,,,,,,,,,,,"26;""LDO4",LDO9,LDO8,LDO7,LDO10,LDO1,LDO2,"LDO5"";""TS5B"";8;""LP38501TS-ADJ/NOPB"";;;",,,,,,,,,,,,,,,,,,,,,,
23,,,,,,,,,,,,,,,,,,,"27;""R29"";""R_0603_1608Metric"";1;""4.42k"";;;",,,,,,,,,,,,,,,,,,,,,,,,,,,,,
24,1,R_0603_1608Metric,6.8k,6.8k Resistor,,,R42,,,,,,,,,,,,"28;""ADC2","ADC1"";""CP_48_8_ADI"";2;""AD9228ABCPZ-65"";;;",,,,,,,,,,,,,,,,,,,,,,,,,,,,
25,29,C_0603_1608Metric,0.1u,0.1u Capacitor,,,,,,,,,,,,,,,"29;""U12","U11"";""DRV6_1P6X1"";2;""TPS3808G01QDRVRQ1"";;;",,,,,,,,,,,,,,,,,,,,,,,,,,,,
26,8,,LP38501TS-ADJ/NOPB,Linear Regulator,,,,,,,,,,,,,,,"30;""TP32"";""TestPoint_THTPad_1.5x1.5mm_Drill0.7mm"";1;""PWRGD_LPD_M2C"";;;",,,,,,,,,,,,,,,,,,,,,,,,,,,,,
27,1,R_0603_1608Metric,4.42k,4.42k Resistor,,,R29,,,,,,,,,,,,"31;""R86",R88,"R108"";""C_0603_1608Metric"";3;""5k"";;;",,,,,,,,,,,,,,,,,,,,,,,,,,,
28,2,,AD9228ABCPZ-65,ADC,Datasheet,Digikey,ADC1,ADC2,,,,,,,,,,,"32;""TP8"";""TestPoint_THTPad_1.5x1.5mm_Drill0.7mm"";1;""1V2_DUT"";;;",,,,,,,,,,,,,,,,,,,,,,,,,,,,,
29,2,,TPS3808G01QDRVRQ1,Supervisor Chip,Datasheet,Digikey,,,,,,,,,,,,,"33;""TP15",TP19,"TP20"";""TestPoint_THTPad_1.5x1.5mm_Drill0.7mm"";3;""SDO2"";;;",,,,,,,,,,,,,,,,,,,,,,,,,,,
30,,,,,,,,,,,,,,,,,,,"34;""J12"";""CONN_87831-1420_MOL"";1;""878311420"";;;",,,,,,,,,,,,,,,,,,,,,,,,,,,,,
31,3,R_0603_1608Metric,5k,5k Resistor,,,R86,R88,R108,,,,,,,,,,"35;""Q4",Q8,Q6,"Q1"";""SOT-23_TO-236_VIS"";4;""NMOS"";;;",,,,,,,,,,,,,,,,,,,,,,,,,,
32,,,,,,,,,,,,,,,,,,,"36;""TP4"";""TestPoint_THTPad_1.5x1.5mm_Drill0.7mm"";1;""2V5_DUT"";;;",,,,,,,,,,,,,,,,,,,,,,,,,,,,,
33,,,,,,,,,,,,,,,,,,,"37;""TP17"";""TestPoint_THTPad_1.5x1.5mm_Drill0.7mm"";1;""VDD_BUCK_2V7"";;;",,,,,,,,,,,,,,,,,,,,,,,,,,,,,
34,1,,878311420,Molex Connector,Datasheet,Digikey,J12,,,,,,,,,,,,"38;""TP6"";""TestPoint_THTPad_1.5x1.5mm_Drill0.7mm"";1;""1V8_DUT"";;;",,,,,,,,,,,,,,,,,,,,,,,,,,,,,
35,4,SOT-23_TO-236_VIS,NMOS,NMOS transistor,,,Q4,Q8,Q6,Q1,,,,,,,,,"39;""R101",R107,"R82"";""R_0603_1608Metric"";3;""4.99k"";;;",,,,,,,,,,,,,,,,,,,,,,,,,,,
36,,,,,,,,,,,,,,,,,,,"40;""R13","R37"";""R_0603_1608Metric"";2;""20k"";;;",,,,,,,,,,,,,,,,,,,,,,,,,,,,
37,,,,,,,,,,,,,,,,,,,"41;""R103","R104"";""R_0603_1608Metric"";2;""10.5k"";;;",,,,,,,,,,,,,,,,,,,,,,,,,,,,
38,,,,,,,,,,,,,,,,,,,"42;""FB2","FB1"";""R_1206_3216Metric"";2;""300R/3A"";;;",,,,,,,,,,,,,,,,,,,,,,,,,,,,
39,3,R_0603_1608Metric,4.99k,4.99k Resistor,,,R101,R107,R82,,,,,,,,,,"43;""U9"";""QFN-16_FTD"";1;""FT230XQ-R"";;;",,,,,,,,,,,,,,,,,,,,,,,,,,,,,
40,2,R_0603_1608Metric,20k,20k Resistor,,,R13,R37,,,,,,,,,,,"44;""J10"";""SAMTEC_ADM6-60-01.5-L-4-2-A-TR"";1;""ADM6-60-01.5-L-4-2-A-TR"";;;",,,,,,,,,,,,,,,,,,,,,,,,,,,,,
41,2,R_0603_1608Metric,10.5k,10.5k Resistor,,,R103,R104,,,,,,,,,,,"45;""R87","R31"";""R_0603_1608Metric"";2;""R_US"";;;",,,,,,,,,,,,,,,,,,,,,,,,,,,,
42,2,R_1206_3216Metric,300R/3A,Ferrite Bead,,,FB1,FB2,,,,,,,,,,,"46;""TP16"";""TestPoint_THTPad_1.5x1.5mm_Drill0.7mm"";1;""VDD_BUCK_5V"";;;",,,,,,,,,,,,,,,,,,,,,,,,,,,,,
43,1,QFN-16_FTD,FT230XQ-R,FTDI Chip,Datasheet,Digikey,U9,,,,,,,,,,,,"47;""J5"";""SAMTEC_ADM6-60-01.5-L-4-2-A-TR"";1;""ADM6-60-01.5-L-4-2-A-TR (1)"";;;",,,,,,,,,,,,,,,,,,,,,,,,,,,,,
44,2,SAMTEC_ADM6-60-01.5-L-4-2-A-TR,ADM6-60-01.5-L-4-2-A-TR,Kria Samtec COnnector,Datasheet,Digikey,J10A,J10B,,,,,,,,,,,"48;""TP11"";""TestPoint_THTPad_1.5x1.5mm_Drill0.7mm"";1;""SHUTDOWN"";;;",,,,,,,,,,,,,,,,,,,,,,,,,,,,,
45,2,R_0603_1608Metric,27R,27 ohm Resistor,,,R87,R31,,,,,,,,,,,"49;""R66","R111"";""R_0603_1608Metric"";2;""470k"";;;",,,,,,,,,,,,,,,,,,,,,,,,,,,,
46,,,,,,,,,,,,,,,,,,,"50;""R22"";""R_0603_1608Metric"";1;""4k99"";;;",,,,,,,,,,,,,,,,,,,,,,,,,,,,,
47,2,SAMTEC_ADM6-60-01.5-L-4-2-A-TR,ADM6-60-01.5-L-4-2-A-TR,Kria Samtec Connector,Datasheet,Digikey,J5A,J5B,,,,,,,,,,,"51;""R45",R39,"R60"";""R_0603_1608Metric"";3;""14.7k"";;;",,,,,,,,,,,,,,,,,,,,,,,,,,,
48,,,,,,,,,,,,,,,,,,,"52;""C72",C42,"C60"";""C_0603_1608Metric"";3;""10n"";;;",,,,,,,,,,,,,,,,,,,,,,,,,,,
49,2,R_0603_1608Metric,470k,470k Resistor,,,R66,R11,,,,,,,,,,,"53;""J14"";""ZX62D-B-5P830_HIR"";1;""ZX62D-B-5P830"";;;",,,,,,,,,,,,,,,,,,,,,,,,,,,,,
50,1,R_0603_1608Metric,4k99,4.99k Resistor,,,R22,,,,,,,,,,,,"54;""TP30"";""TestPoint_THTPad_1.5x1.5mm_Drill0.7mm"";1;""PWROFF_C2M_L"";;;",,,,,,,,,,,,,,,,,,,,,,,,,,,,,
51,3,R_0603_1608Metric,14.7k,14.7k Resistor,,,R45,R39,R60,,,,,,,,,,"55;""R34","R10"";""R_0603_1608Metric"";2;""34k"";;;",,,,,,,,,,,,,,,,,,,,,,,,,,,,
52,3,C_0603_1608Metric,10n,10n Capacitor,,,C72,C42,C60,,,,,,,,,,"56;""TP27"";""TestPoint_THTPad_1.5x1.5mm_Drill0.7mm"";1;""DAC_READBIAS1_OUT"";;;",,,,,,,,,,,,,,,,,,,,,,,,,,,,,
53,1,ZX62D-B-5P830_HIR,ZX62D-B-5P830,Micro USB SMD slot,,Digikey,J14,,,,,,,,,,,,"57;""R8"";""R_0603_1608Metric"";1;""1.472k"";;;",,,,,,,,,,,,,,,,,,,,,,,,,,,,,
54,,,,,,,,,,,,,,,,,,,"58;""R102","R105"";""R_0603_1608Metric"";2;""11.3k"";;;",,,,,,,,,,,,,,,,,,,,,,,,,,,,
55,2,R_0603_1608Metric,34k,34k Resistor,,,R34,R10,,,,,,,,,,,"59;""TP22"";""TestPoint_THTPad_1.5x1.5mm_Drill0.7mm"";1;""3V3_IO"";;;",,,,,,,,,,,,,,,,,,,,,,,,,,,,,
56,,,,,,,,,,,,,,,,,,,"60;""TP10"";""TestPoint_THTPad_1.5x1.5mm_Drill0.7mm"";1;""1V8_ADC"";;;",,,,,,,,,,,,,,,,,,,,,,,,,,,,,
57,1,R_0603_1608Metric,1.472k,1.472k Resistor,,,R8,,,,,,,,,,,,"61;""C59"";""C_0603_1608Metric"";1;""100u"";;;",,,,,,,,,,,,,,,,,,,,,,,,,,,,,
58,2,R_0603_1608Metric,11.3k,11.3k Resistor,,,R102,R105,,,,,,,,,,,"62;""TP14"";""TestPoint_THTPad_1.5x1.5mm_Drill0.7mm"";1;""1V8_Bank"";;;",,,,,,,,,,,,,,,,,,,,,,,,,,,,,
59,,,,,,,,,,,,,,,,,,,"63;""J2","J4"";""SAMTEC_QSH-040-01-X-D-DP-A"";2;""QSH-040-01-X-D-DP-A"";;;",,,,,,,,,,,,,,,,,,,,,,,,,,,,
60,,,,,,,,,,,,,,,,,,,"64;""L3"";""R_0603_1608Metric"";1;""220R @ 100mHz"";;;",,,,,,,,,,,,,,,,,,,,,,,,,,,,,
61,1,C_0603_1608Metric,100u,100u Capacitor,,,C59,,,,,,,,,,,,"65;""TP29"";""TestPoint_THTPad_1.5x1.5mm_Drill0.7mm"";1;""PS_ERROR_STATUS_M2C"";;;",,,,,,,,,,,,,,,,,,,,,,,,,,,,,
62,,,,,,,,,,,,,,,,,,,"66;""TP25"";""TestPoint_THTPad_1.5x1.5mm_Drill0.7mm"";1;""DAC_DISCBIAS_OUT"";;;",,,,,,,,,,,,,,,,,,,,,,,,,,,,,
63,2,SAMTEC_QSH-040-01-X-D-DP-A,QSH-040-01-X-D-DP-A,Samtec Connector to DUT,Datasheet,Digikey,J2,J4,,,,,,,,,,,"67;""R106"";""R_0603_1608Metric"";1;""3.03k"";;;",,,,,,,,,,,,,,,,,,,,,,,,,,,,,
64,1,R_0603_1608Metric,200R @ 100mHz,Inductor,,,L3,,,,,,,,,,,,"68;""TP24"";""TestPoint_THTPad_1.5x1.5mm_Drill0.7mm"";1;""2V5_IO"";;;",,,,,,,,,,,,,,,,,,,,,,,,,,,,,
65,,,,,,,,,,,,,,,,,,,"69;""TP18"";""TestPoint_THTPad_1.5x1.5mm_Drill0.7mm"";1;""DAC_THRES1_OUT"";;;",,,,,,,,,,,,,,,,,,,,,,,,,,,,,
66,,,,,,,,,,,,,,,,,,,"70;""TP12"";""TestPoint_THTPad_1.5x1.5mm_Drill0.7mm"";1;""PS_ERROR_OUT_M2C"";;;",,,,,,,,,,,,,,,,,,,,,,,,,,,,,
67,1,R_0603_1608Metric,3.03k,3.03k Resistor,,,R106,,,,,,,,,,,,"71;""TP26"";""TestPoint_THTPad_1.5x1.5mm_Drill0.7mm"";1;""DAC_WBUFBIAS_OUT"";;;",,,,,,,,,,,,,,,,,,,,,,,,,,,,,
68,,,,,,,,,,,,,,,,,,,"72;""J1"";""PhoenixContact_GMSTBA_2","5_2-G_1x02_P7.50mm_Horizontal"";1;""1766343"";;;",,,,,,,,,,,,,,,,,,,,,,,,,,,,
69,,,,,,,,,,,,,,,,,,,"73;""R5",R1,R7,R3,R6,"R4"";""R_0603_1608Metric"";6;""22R 1%"";;;",,,,,,,,,,,,,,,,,,,,,,,,
70,,,,,,,,,,,,,,,,,,,"74;""R75",R70,R73,"R71"";""R_0603_1608Metric"";4;""DNP"";;;",,,,,,,,,,,,,,,,,,,,,,,,,,
71,,,,,,,,,,,,,,,,,,,"75;""C117",C116,C108,"C95"";""C_0603_1608Metric"";4;""1u"";;;",,,,,,,,,,,,,,,,,,,,,,,,,,
72,1,PhoenixContact_GMSTBA_2,1766343,2 pin SMD PCB power connection,Datasheet,Digikey,J1,,,,,,,,,,,,"76;""U8",U13,"U7"";""SOIC8_NARROW_SN_MCH"";3;""MCP1501-25E/SN"";;;",,,,,,,,,,,,,,,,,,,,,,,,,,,
73,6,R_0603_1608Metric,22R,22 ohm Resistor,,,,,,,,,,,,,,,"77;""C32",C30,"C103"";""C_0603_1608Metric"";3;""1n"";;;",,,,,,,,,,,,,,,,,,,,,,,,,,,
74,4,R_0603_1608Metric,DNP,Unpopulated Resistor,,,R75,R70,R73,R71,,,,,,,,,"78;""U4",U2,"U15"";""SSOP-16_GN"";3;""LTC2600CGN_PBF"";;;",,,,,,,,,,,,,,,,,,,,,,,,,,,
75,4,C_0603_1608Metric,1u,1u Capacitor,,,C117,C116,C108,C95,,,,,,,,,"79;""R76","R74"";""R_0603_1608Metric"";2;""240R"";;;",,,,,,,,,,,,,,,,,,,,,,,,,,,,
76,3,SOIC8_NARROW_SN_MCH,MCP1501-25E/SN,Voltage Reference,Datasheet,Digikey,U8,U7,U13,,,,,,,,,,"80;""C69",C107,"C57"";""C_0603_1608Metric"";3;""47p"";;;",,,,,,,,,,,,,,,,,,,,,,,,,,,
77,3,C_0603_1608Metric,1n,1n Capacitor,,,C32,C30,C103,,,,,,,,,,"81;""L5"";""R_0603_1608Metric"";1;""220R@100MHz"";;;",,,,,,,,,,,,,,,,,,,,,,,,,,,,,
78,3,SSOP-16_GN,LTC2600CGN_PBF,DAC,Datasheet,Digikey,U4,U2,U15,,,,,,,,,,"82;""C78","C73"";""C_0603_1608Metric"";2;""0.02u"";;;",,,,,,,,,,,,,,,,,,,,,,,,,,,,
79,2,R_0603_1608Metric,240R,240 ohm Resistor,,,R76,R74,,,,,,,,,,,"83;""R114","R115"";""R_0603_1608Metric"";2;""0R"";;;",,,,,,,,,,,,,,,,,,,,,,,,,,,,
80,3,C_0603_1608Metric,47p,47p Capacitor,,,C69,C107,C57,,,,,,,,,,"84;""U6","U14"";""SON_1DJ-T1-GE3_VIS"";2;""SIA427ADJ-T1-GE3"";;;",,,,,,,,,,,,,,,,,,,,,,,,,,,,
81,1,R_0603_1608Metric,220R @ 100MHz,Inductor,,,L5,,,,,,,,,,,,"85;""C35","C39"";""C_0603_1608Metric"";2;""2.2u"";;;",,,,,,,,,,,,,,,,,,,,,,,,,,,,
82,2,C_0603_1608Metric,0.02u,0.02u Capacitor,,,C78,C73,,,,,,,,,,,"86;""U10","U3"";""U_PUSB3FR4Z_NEX"";2;""PUSB3FR4Z"";;;",,,,,,,,,,,,,,,,,,,,,,,,,,,,
83,2,R_0603_1608Metric,0R,0 ohm Resistor,,,R114,R115,,,,,,,,,,,"87;""U17"";""RTW24_2P45X2P45"";1;""TXS02612RTWR"";;;",,,,,,,,,,,,,,,,,,,,,,,,,,,,,
84,2,SON_1DJ-T1-GE3_VIS,SIA427ADJ-T1-GE3,PMOS,Datasheet,Digikey,U6,U14,,,,,,,,,,,"88;""Y3"";""XTAL_ASE2-25.000MHZ-ET"";1;""ASE2-25.000MHZ-ET"";;;",,,,,,,,,,,,,,,,,,,,,,,,,,,,,
85,2,R_0603_1608Metric,2.2u,2.2u Capacitor,,,C35,C39,,,,,,,,,,,"89;""U1"";""QFN_56P_MTG"";1;""88E1512-A0-NNP2C000"";;;",,,,,,,,,,,,,,,,,,,,,,,,,,,,,
86,2,U_PUSB3FR4Z_NEX,PUSB3FR4Z,ESD,Datasheet,Digikey,U10,U3,,,,,,,,,,,"90;""R100"";""R_0603_1608Metric"";1;""1M2"";;;",,,,,,,,,,,,,,,,,,,,,,,,,,,,,
87,1,RTW24_2P45X2P45,TXS02612RTWR,SDIO Chip,Datasheet,Digikey,U17,,,,,,,,,,,,,,,,,,,,,,,,,,,,,,,,,,,,,,,,,
88,1,XTAL_ASE2-25.000MHZ-ET,ASE2-25.000MHZ-ET,25MHz Crystal Oscillator ,Datasheet,Digikey,Y3,,,,,,,,,,,,,,,,,,,,,,,,,,,,,,,,,,,,,,,,,
89,1,QFN_56P_MTG,88E1512-A0-NNP2C000,Ethernet Tranciever,Datasheet,Digikey,U1,,,,,,,,,,,,,,,,,,,,,,,,,,,,,,,,,,,,,,,,,
90,1,R_0603_1608Metric,1M2,1M2 Resistor,,,R100,,,,,,,,,,,,,,,,,,,,,,,,,,,,,,,,,,,,,,,,,
